First Name,Last Name,Household,Headcount,Tier,RSVP Status,Accessible Table?,Attendance,Side,Age Category,Notes,Plus-ones
José,Álvarez,The Álvarez Family,2,Family,Confirmed,No,Attending,Bride,Adult,"Vegetarian, no nuts",María Álvarez
Zoë,Müller-Schmidt,,1,Friend,Pending,No,Attending,Groom,Adult,,
Siobhán,O'Brien,The O'Briens,3,Family,Confirmed,No,Attending,Bride,Adult,Needs a high chair for the little one,"Pádraig O'Brien, Aoife O'Brien"
Mary-Kate,D'Angelo,,1,VIP,Confirmed,Yes,Attending,Both,Adult,"Wheelchair user, seat near the door",
François,Lefèvre,,2,Friend,Confirmed,No,Attending,Groom,Adult,,Camille Lefèvre
Ana-Lucía,Peña,The Peña Family,1,Family,Pending,No,Attending,Bride,Adult,,
Mateo,Peña,The Peña Family,1,Family,Pending,No,Attending,Bride,Child,Loves dinosaurs,
Jean-Luc,St. Pierre,,1,Friend,Declined,No,Not attending,Groom,Adult,,
Björk,Guðmundsdóttir,,1,Other,Confirmed,No,Attending,Both,Adult,,
Łukasz,Wróbel,,2,Friend,Confirmed,No,Attending,Groom,Adult,,Agnieszka Wróbel
Chloé,de la Cruz,,1,Friend,Confirmed,No,Attending,Bride,Adult,Gluten free,
Søren,Østergaard,,1,Other,Pending,No,Attending,Groom,Adult,,
Renée,O'Connor-Smith,,1,VIP,Confirmed,No,Attending,Bride,Adult,,
Thị Lan,Nguyễn,,1,Friend,Confirmed,No,Attending,Groom,Adult,,
Liam,Ó Súilleabháin,,1,Friend,Pending,No,Attending,Bride,Adult,,
Émilie,Dubois-Laurent,The Dubois-Laurent Family,1,Family,Confirmed,No,Attending,Groom,Adult,,
Inès,Dubois-Laurent,The Dubois-Laurent Family,1,Family,Confirmed,No,Attending,Groom,Infant,,
Kai,Nakamura,,1,Plus one,Confirmed,No,Attending,Both,Adult,,
Øyvind,Hågensen,,1,Friend,Declined,No,Not attending,Groom,Adult,"Sends his best, can't travel",
Dolores,Fernández-Ruiz,,1,Family,Confirmed,Yes,Attending,Bride,Adult,Uses a walker,
